relative_path,category,role,size_bytes,sha256
README_支撑材料说明.md,支撑材料说明,目录结构、运行环境与数据口径说明,1898,86c910105fc9406f5dcf3cd5a7d486378afc74c70fe8ad78d5ab387f0fb7ea18
SHA256SUMS.txt,完整性校验,支撑材料逐文件 SHA-256 汇总,26196,381d5737f8f1f588dd9e94ce5e15455e0dae4a6e3031b3cf682cfe0820b431c1
figures/q1/figure_q1_v12_01_flow.png,Q1 中间结果图表,Q1 建模流程,90037,85ed298ea60a03bf08911c2f2e35757171ba63404c590cab94e41278c56ecea8
figures/q1/figure_q1_v12_02_coverage.png,Q1 中间结果图表,Q1 数据覆盖率,105666,2e70164af47f09612d058fd08e85b5c97a9e118b46c3c679f5f1fcb737330890
figures/q1/figure_q1_v12_03_spearman.png,Q1 中间结果图表,Q1 缺失感知相关性,175772,7a8752e63c895d783cc8e30ec9865cd72b8beb1ac2e0901ec7dd0788da4d85d4
figures/q1/figure_q1_v12_04_dimension_scores.png,Q1 中间结果图表,Q1 五维能力得分,95476,54cbad8a965d9230b947ac6f432e1240ab866e881e2c2bb13d0517f7bfbcfc3f
figures/q1/figure_q1_v12_05_ranking_A_ci.png,Q1 中间结果图表,Q1 综合排序与置信区间,98024,41f7ec052aea9fc63e687a8f9ade96aa82934b9eb5941673d9b1da860e494937
figures/q1/figure_q1_v12_06_lofo_rank_change.png,Q1 中间结果图表,Q1 LOFO 稳健性,179029,e6787de81c4960ccfa27fe4e7e6e028b2f731d6f366f5f26a055d72bded99f87
figures/q1/figure_q1_v12_07_kimi_gap.png,Q1 中间结果图表,Q1 Kimi 优势差距,35090,ce48835c6b4d9fd3bc57068ec46d8fe6946c75fc58206a66afdcca793d66c6d2
figures/q1/figure_q1_v12_loso_rank_change.png,Q1 中间结果图表,Q1 LOSO 稳健性,119744,8d3c7843e487519cdcca0b2af564765b2603668ac638a24e3cd5d29650e8d824
figures/q2/q2_fig1_framework.png,Q2 中间结果图表,Q2 模型框架,99626,4f4d5610b6725c05459b6f487097788d0b42597cae6354cdae3d0a0d2a4065e4
figures/q2/q2_fig2_scene_weights.png,Q2 中间结果图表,Q2 场景权重,87772,5febbf3d058a22485ba916c04fe483c025da37234750b145271cfd02c6e6c0a4
figures/q2/q2_fig3_utility_heatmap.png,Q2 中间结果图表,Q2 场景效用,250468,c44ded698fbe446218d2085a36296daa7017dcef83726548de0697cef488018a
figures/q2/q2_fig4_rank_migration.png,Q2 中间结果图表,Q2 排名迁移,390967,b8e52dbc4bb21481532899bce7620ad2741e2dbd0d95a04a64a03d8c3009fee5
figures/q2/q2_fig5_kimi_alpha_rho.png,Q2 中间结果图表,Q2 参数敏感性,203823,fb345b7ca3374a2ca4b62fee35b6698c49b6fbc549a7102e3bf6aeda3670216e
figures/q2/q2_fig6_kimi_mechanism.png,Q2 中间结果图表,Q2 效用机制,107844,dbfbef492b72da30391f49722c3816c9ca5a25dad4c777e40cb0f65e180f05d2
figures/q3/q3_budget_steps_Coding.png,Q3 中间结果图表,Q3 预算切换阶梯,68944,da4f8d904ee316edc6add957bcf9560bfafcbfc8cbb57be0d2a93d80bdbd6a8e
figures/q3/q3_budget_steps_General.png,Q3 中间结果图表,Q3 预算切换阶梯,60187,a40e93332a0287e70a0f6b87b23e97682529dd7b927da75a530c97e42b4d339c
figures/q3/q3_budget_steps_Research.png,Q3 中间结果图表,Q3 预算切换阶梯,57938,6adef259826880d8d88cd06abf3ba480d2b9a79b0f28503b5b2604c4ac57ce04
figures/q3/q3_cost_performance_fit_Coding.png,Q3 中间结果图表,Q3 成本—性能拟合,110392,db3c3943b37cedb46fccfa3d038ee59212685a911ac7293a6a3b12db9de6c16c
figures/q3/q3_cost_performance_fit_General.png,Q3 中间结果图表,Q3 成本—性能拟合,101329,ef4c840d102b0ebe61d287f61d51359309c148bcab9508209854fb01762e1d81
figures/q3/q3_cost_performance_fit_Research.png,Q3 中间结果图表,Q3 成本—性能拟合,128913,e9ee883cf8f4a4512d5dc82866212fd5115aa9a3ccb79c0189ea0f256f3f662e
figures/q3/q3_cost_utility_Coding.png,Q3 中间结果图表,Q3 成本—效用关系,131852,b46b3e057e3a4e939f0443f1e29cce8cfe8eb2e8fa12b33651f15b4a8050a067
figures/q3/q3_cost_utility_General.png,Q3 中间结果图表,Q3 成本—效用关系,126066,007cbabe5d09bb776ea7b6589276ab0224a1eb3a0dc23313475888d2b755a0df
figures/q3/q3_cost_utility_Research.png,Q3 中间结果图表,Q3 成本—效用关系,134807,afc950ba53fbb2f53b2e89dc472a8968f02a640bbe7a7eb2202bb9c15a4165a5
figures/q3/q3_icer_Coding.png,Q3 中间结果图表,Q3 增量成本效果,84449,6852d4f3ddb75038b88c8aee888e3c866b8d03cb21b07101cf41f94d8a4cfc56
figures/q3/q3_icer_General.png,Q3 中间结果图表,Q3 增量成本效果,134535,9a1ecd5b1f3485093eea0aa62a84fa942c9988be5a89ff203a3e052fdc1cf76f
figures/q3/q3_icer_Research.png,Q3 中间结果图表,Q3 增量成本效果,85319,cf57f16d7f4b3f0d05db7c3393e99169b6a7029d0ac5c876d0d39fb450f2deb8
figures/q3/q3_pareto_probability_Coding.png,Q3 中间结果图表,Q3 Pareto 概率,113142,409011ac1abaff805d60c4799802995a606d18c693f46a7df42a794d6f80fb4a
figures/q3/q3_pareto_probability_General.png,Q3 中间结果图表,Q3 Pareto 概率,113105,ed6e02ddbdd2ab782e3cc5d7f65c799ff69f4f3caec078f22183e95ea71fc181
figures/q3/q3_pareto_probability_Research.png,Q3 中间结果图表,Q3 Pareto 概率,113815,c097e66eb25d1f8e1d9cc355ee02cc263673a6f8dda2667d897695da90080646
figures/q3/q3_price_perturbation_Coding.png,Q3 中间结果图表,Q3 价格扰动敏感性,119420,8d203b24d141f6cd18631b0eb41339ad06fcca13a93a903381dfb563a9e19533
figures/q3/q3_price_perturbation_General.png,Q3 中间结果图表,Q3 价格扰动敏感性,121896,9c681e94712e0e497552eae97eb7b2b0d31ebe6df1a347bbe58c5f04b67a3d77
figures/q3/q3_price_perturbation_Research.png,Q3 中间结果图表,Q3 价格扰动敏感性,117563,8ab182010d67f98a753c54ee8cb14761645663722d3e9ce6960d8bfbd5bdd8aa
figures/q3/q3_ratio_sensitivity_Coding.png,Q3 中间结果图表,Q3 工作负载比例敏感性,95204,52c9bab88f1545cf448356c82bb67792e99d965e63fa1ceb3797523152d3b2d6
figures/q3/q3_ratio_sensitivity_General.png,Q3 中间结果图表,Q3 工作负载比例敏感性,92335,f3795bca844a837ddd38852913842c030c8bf73126e32a3485d5db4911a22a9a
figures/q3/q3_ratio_sensitivity_Research.png,Q3 中间结果图表,Q3 工作负载比例敏感性,87327,6c24a5973389d3585d2cb215d3bd6c6b8447486590dcc7d9224230fe7bb37616
frozen/v1.0/README.md,Q1 冻结输入,模型假设、数据口径或稳健性说明,1251,9c3bc4427ed25eb322eacdec8c087f74d6e52821870c2c7210b0a72f29d17d7a
frozen/v1.0/SHA256SUMS_v1.0.txt,Q1 冻结输入,Q1 冻结输入完整性校验,1556,12e94949be5a55d35376555afbec9350d062a3751a48d5c1c5851477fa646bfa
frozen/v1.0/analysis_bundle_v1.0.json,Q1 冻结输入,模型输入、数值输出或机器可读审计,2043897,015429605eebc81144cf30d342704d60a6a83cdb2d15231dde5ffca5524811e8
frozen/v1.0/benchmark_family_manifest_v1.0.csv,Q1 冻结输入,模型输入、数值输出或机器可读审计,19678,17e9d7a1b93a86b5cd2b90161bb9602ffcb58076c9b9e63dc45662136f890acc
frozen/v1.0/benchmark_family_manifest_v1.0.xlsx,Q1 冻结输入,模型输入、数值输出或机器可读审计,11155,78877a2cac971ec39774037b77c6be598ae5e2c1617985e363337a7a839aad2a
frozen/v1.0/data_freeze_manifest_v1.0.xlsx,Q1 冻结输入,模型输入、数值输出或机器可读审计,7204,cd82be2a91778eda1610940c96da38041d3f9034c2ff0e793edda3965bfe7d85
frozen/v1.0/final_modeling_benchmark_manifest_v1.0.csv,Q1 冻结输入,模型输入、数值输出或机器可读审计,6188,1a0d5c9697216b43be03cf952e7379ab6670cedf52547cbf6dd1debae270f3d4
frozen/v1.0/final_modeling_benchmark_manifest_v1.0.xlsx,Q1 冻结输入,模型输入、数值输出或机器可读审计,7427,d8a722c4ca210776ae4538eac227e693f8d4e33b536c3605c89bad08cdcc7761
frozen/v1.0/final_modeling_matrix_v1.0.csv,Q1 冻结输入,模型输入、数值输出或机器可读审计,3248,6172fb9a417665af88d0f27247cf185c3a453f51f227b50bad8c5110ba59e6f7
frozen/v1.0/final_modeling_matrix_v1.0.xlsx,Q1 冻结输入,模型输入、数值输出或机器可读审计,25521,08e5e5845aaa61e16bffd13908ed37f62e639fef71199c956358770e0e973609
frozen/v1.0/human_verification_log_v1.0.xlsx,Q1 冻结输入,模型输入、数值输出或机器可读审计,24610,779f78fa3d54556f3929adc43da0a9f731c86021162609d9417b250cc9752aed
frozen/v1.0/model_pool_v1.0.xlsx,Q1 冻结输入,模型输入、数值输出或机器可读审计,6062,5abf6fea6852e9ce4193647ab7cfc800b09384c448a65614d0cbb070b46484d0
frozen/v1.0/modeling_readiness_gate_v1.0.xlsx,Q1 冻结输入,模型输入、数值输出或机器可读审计,8882,ebe375d2fee656a198fdcbc51370287bd14eae506045bf4916b8be518b49fb59
frozen/v1.0/raw_benchmark_data_v1.0.csv,Q1 冻结输入,模型输入、数值输出或机器可读审计,284448,3087da633064b5a9cb144bdcc8ab23c7f811b85cae773e6d4228c9d034ed1403
frozen/v1.0/raw_benchmark_data_v1.0.xlsx,Q1 冻结输入,模型输入、数值输出或机器可读审计,72853,e647bfd3f98f89f74fe187ed61a8545ca4b43de3fef6264eb6353f398da23029
frozen/v1.0/source_registry_v1.0.csv,Q1 冻结输入,模型输入、数值输出或机器可读审计,7745,8408edc25b87cde82366e63947d705ead4cea086ae3ec23ed4220786fd785ead
frozen/v1.0/source_registry_v1.0.xlsx,Q1 冻结输入,模型输入、数值输出或机器可读审计,8537,756d2229491ccd1eb7791950709e127692bb2d22d818e9f5c5823d709084d823
outputs/q1_v1.2/diagnostics/bootstrap_method.md,Q1 数值结果与稳健性输出,模型假设、数据口径或稳健性说明,1456,5e98ccff42646e660518148b6ecfc38fafdf75f799de4b63f6c33786401e1b6f
outputs/q1_v1.2/diagnostics/quality_checks.json,Q1 数值结果与稳健性输出,模型输入、数值输出或机器可读审计,790,a8d8ab28449ac0c8630149f44499c85cbb62ed6dc88e76e02ad4f30ab4ca98a3
outputs/q1_v1.2/diagnostics/stability_audit.md,Q1 数值结果与稳健性输出,模型假设、数据口径或稳健性说明,2729,cd5383a3b077488a7d54258813ee89dc6609b590b307f7cd6498da6e9caeaa23
outputs/q1_v1.2/results_summary_v1.2.json,Q1 数值结果与稳健性输出,模型输入、数值输出或机器可读审计,25832,2bb97957db4b66abf9be91e9382910c92e03c4758c12ff4ab794ebb21dbd9e7d
outputs/q1_v1.2/results_summary_v1.2.md,Q1 数值结果与稳健性输出,模型假设、数据口径或稳健性说明,2224,1195c584b3d9cd349f2a931f29fc99dcffee2a24fe03b35eeba4be646073d11d
outputs/q1_v1.2/sensitivity/lofo_model_changes_v1.2.csv,Q1 数值结果与稳健性输出,模型输入、数值输出或机器可读审计,7568,2881cfea5b5a1ecceda9fbe84721b9556c5be2569574fa802312ce4281d7ad4a
outputs/q1_v1.2/sensitivity/lofo_summary_v1.2.csv,Q1 数值结果与稳健性输出,模型输入、数值输出或机器可读审计,2499,0483f9d564a63fa1c44f6b17065961d2dfc07d13ad9b2a235ae1315ce513cdff
outputs/q1_v1.2/sensitivity/loso_model_changes_v1.2.csv,Q1 数值结果与稳健性输出,模型输入、数值输出或机器可读审计,1863,8ec8748d598bb89999f531ec328bb9205cddcc7c62038ee6565cce4ca14b665f
outputs/q1_v1.2/sensitivity/loso_summary_v1.2.csv,Q1 数值结果与稳健性输出,模型输入、数值输出或机器可读审计,988,ff4f07b06efcaaf7b9e1651b7a50a40e5314b0f53fce9715db004c71e89a7b25
outputs/q1_v1.2/tables/manual_capability_verification_v1.2.xlsx,Q1 数值结果与稳健性输出,模型输入、数值输出或机器可读审计,5371,6a71cbe181b47eaf8a023474e06a572dfab1e924143a022937f9a5bdc418bd9b
outputs/q1_v1.2/tables/paper_table_q1_v12_bootstrap.xlsx,Q1 数值结果与稳健性输出,模型输入、数值输出或机器可读审计,9042,7095c4fabc8b13740cae291c2c24023a8c43daecad37393baaae5bd2d1bddd74
outputs/q1_v1.2/tables/paper_table_q1_v12_dimension_scores.xlsx,Q1 数值结果与稳健性输出,模型输入、数值输出或机器可读审计,8360,6066bd1990b0a8789b9c8550d0c38e0c2a63faf0a801550c63f71c540d5bfa8a
outputs/q1_v1.2/tables/paper_table_q1_v12_dimension_weights.xlsx,Q1 数值结果与稳健性输出,模型输入、数值输出或机器可读审计,7159,d6ac86c8da2d8cf10651cbbcf2c22d9500ed04b1da6a5c16c70812500623198a
outputs/q1_v1.2/tables/paper_table_q1_v12_indicator_screening.xlsx,Q1 数值结果与稳健性输出,模型输入、数值输出或机器可读审计,5377,a0f1654854c9f871ef9be426fb20b8a6db7b786ba4ea4df401f0b84467671348
outputs/q1_v1.2/tables/paper_table_q1_v12_ranking_A.xlsx,Q1 数值结果与稳健性输出,模型输入、数值输出或机器可读审计,6970,58c624bdcce585523e7b07c524697649c666779202fb46c68af90b45626f57c1
outputs/q1_v1.2/tables/paper_table_q1_v12_ranking_B_C1_C4.xlsx,Q1 数值结果与稳健性输出,模型输入、数值输出或机器可读审计,6720,3024677ba7097dc548571f0437be958a2fd3fda25860ea4ee32f9248eb1e5834
outputs/q1_v1.2/tables/paper_table_q1_v12_ranking_C_estimable_c5_multimodal.xlsx,Q1 数值结果与稳健性输出,模型输入、数值输出或机器可读审计,6605,9223efd422b7dc505e9cf32f9500bd9e6b12ab39b32e850e30730852c18d0cd9
outputs/q1_v1.2/tables/paper_table_q1_v12_screening.xlsx,Q1 数值结果与稳健性输出,模型输入、数值输出或机器可读审计,7945,eaf43c4bfb34742d4ad8538e03720b654ee4e237b0782c36e4bdaeea12b93819
outputs/q1_v1.2/tables/paper_table_q1_v12_sources.xlsx,Q1 数值结果与稳健性输出,模型输入、数值输出或机器可读审计,4921,5ef38234e7214cd6333dd88ad6d59c5bef140bda439ebeefbd7e9231c42fb9b1
outputs/q1_v1.2/tables/table_q1_v12_c5_applicability_audit.xlsx,Q1 数值结果与稳健性输出,模型输入、数值输出或机器可读审计,5398,47c1ebde49d2398e915c870811f97d80d0cb34ba2e17a740a543221653076167
outputs/q1_v1.2/tables/table_q1_v12_equal_weight_sensitivity.xlsx,Q1 数值结果与稳健性输出,模型输入、数值输出或机器可读审计,6804,49d691ca14ca7f60e961e5972305bce6b180d7b647587ce3a153f266dba89d26
outputs/q1_v1.2/tables/table_q1_v12_lofo.xlsx,Q1 数值结果与稳健性输出,模型输入、数值输出或机器可读审计,13713,407deba362e1b46935b05a784d678448f74bfb8f64fc733c0a212cfc49855dd3
outputs/q1_v1.2/tables/table_q1_v12_loso.xlsx,Q1 数值结果与稳健性输出,模型输入、数值输出或机器可读审计,8515,a16723a6486eac895ba840c678e3246dcf5528dd8127f3323c3376bad4979287
outputs/q1_v1.2/tables/table_q1_v12_robustness_summary.xlsx,Q1 数值结果与稳健性输出,模型输入、数值输出或机器可读审计,8372,9883c5f1aa9ef7b04354fc13e683088ea72b0bfe08c7827ac5e05cf9d41f34b9
outputs/q2/final/Q2_FINAL_AUDIT_REPORT.md,Q2 数值结果与接口输出,模型假设、数据口径或稳健性说明,1909,b54eac7c71d60187bb5adadb4814c50321ba3798b6022b18e2c08e5725bc53f8
outputs/q2/final/README.md,Q2 数值结果与接口输出,模型假设、数据口径或稳健性说明,815,35dfa3e9d6c9d2e74de64f59b686d6d28f46aff728ff845a34d6dcf9902e6fa2
outputs/q2/final/c5_policy_audit.md,Q2 数值结果与接口输出,模型假设、数据口径或稳健性说明,716,e1d0360804e3e75b42fd4983e31cc4e5f713ac4c6fad98ebc485ae120529bb60
outputs/q2/final/ces_input_transformation_audit.csv,Q2 数值结果与接口输出,模型输入、数值输出或机器可读审计,13403,19a93b73119680502f5ed2707fc2c1c5ebfc075fb7651f580a51c25f69384ea2
outputs/q2/final/ces_input_transformation_audit.md,Q2 数值结果与接口输出,模型假设、数据口径或稳健性说明,735,6ad8b6b468ce22952fcd9fc7762ba9f6b2fd8ff15dfdb8e45922f1e251f48b90
outputs/q2/final/freeze/Q2_FINAL_AUDIT_REPORT.md,Q2 数值结果与接口输出,模型假设、数据口径或稳健性说明,1909,b54eac7c71d60187bb5adadb4814c50321ba3798b6022b18e2c08e5725bc53f8
outputs/q2/final/freeze/c5_policy_audit.md,Q2 数值结果与接口输出,模型假设、数据口径或稳健性说明,716,e1d0360804e3e75b42fd4983e31cc4e5f713ac4c6fad98ebc485ae120529bb60
outputs/q2/final/freeze/ces_input_transformation_audit.csv,Q2 数值结果与接口输出,模型输入、数值输出或机器可读审计,13403,19a93b73119680502f5ed2707fc2c1c5ebfc075fb7651f580a51c25f69384ea2
outputs/q2/final/freeze/ces_input_transformation_audit.md,Q2 数值结果与接口输出,模型假设、数据口径或稳健性说明,1015,95ec533d22ff40306c9b5227493b5996118ba84ecbd38b5804d918cf96433df0
outputs/q2/final/freeze/model_spec_provenance_audit.md,Q2 数值结果与接口输出,模型假设、数据口径或稳健性说明,1005,0202cb5252330334b25f83734df47b0148db39b1c5390a8e4047d9c82d0c13ac
outputs/q2/final/freeze/pri_audit.md,Q2 数值结果与接口输出,模型假设、数据口径或稳健性说明,564,ef2637268460082a323e759d1b7a446cb17f7de205f88fa35c26e8ec93c73aa8
outputs/q2/final/freeze/q1_uncertainty_scale_audit.md,Q2 数值结果与接口输出,模型假设、数据口径或稳健性说明,1483,fbc2c87cb701db9abfec92a6e8b66dab80773fe2fb5dba1fd021e5a98ba4fd40
outputs/q2/final/freeze/q2_freeze_manifest.csv,Q2 数值结果与接口输出,模型输入、数值输出或机器可读审计,4115,e2d36a500fa0bf43acd21460433d5dbd9be2193022c12571004ec11feada23fc
outputs/q2/final/freeze/q2_kimi_analysis.csv,Q2 数值结果与接口输出,模型输入、数值输出或机器可读审计,1715,073fb2f8bf111dede428ba2efbb1b82546ccc664d710a39ae55dc1187eda7d37
outputs/q2/final/freeze/q2_linear_vs_ces.csv,Q2 数值结果与接口输出,模型输入、数值输出或机器可读审计,2822,1daf32a10d379c9753bb4f398e12028a5db7a6aa63cca90865831f4a952a7d09
outputs/q2/final/freeze/q2_marginal_effects.csv,Q2 数值结果与接口输出,模型输入、数值输出或机器可读审计,9825,32e434d5dcc9541267ae8719851ff33a88d8429252450c0a0bfc0b0cc0dd1e57
outputs/q2/final/freeze/q2_missingness_sensitivity.csv,Q2 数值结果与接口输出,模型输入、数值输出或机器可读审计,28017,13494de2b162bb7c318982dad85586f1b6f7f14692336a6c8f6245d353b1658a
outputs/q2/final/freeze/q2_model_spec_snapshot.yaml,Q2 数值结果与接口输出,模型输入、数值输出或机器可读审计,4269,203f8f237d5f65f2061bc794545b1d5da28bdd36f11c8a079362a59edb074e6f
outputs/q2/final/freeze/q2_parameter_robustness.csv,Q2 数值结果与接口输出,模型输入、数值输出或机器可读审计,8159,39ebf920c78a211247ab1f2791c51fdd215fdd2564336500b3b8d8a1c69fa313
outputs/q2/final/freeze/q2_pri.csv,Q2 数值结果与接口输出,模型输入、数值输出或机器可读审计,3896,0f7fa9039674988d0ad39d9b5f5fb988ce375ade9a0f1f1d33677bc6ebf3b05e
outputs/q2/final/freeze/q2_prior_sensitivity.csv,Q2 数值结果与接口输出,模型输入、数值输出或机器可读审计,7203,1de342269659758fce933a9f2d94cd1fb2aa7597f0c727b4c908339880597502
outputs/q2/final/freeze/q2_q1_uncertainty_propagation.csv,Q2 数值结果与接口输出,模型输入、数值输出或机器可读审计,5176,cbc0b66bc15fa8fb6076ca2eba71ab7ad5b5687a4a90bc222bb1aec46f1c2da3
outputs/q2/final/freeze/q2_rank_transition_thresholds.csv,Q2 数值结果与接口输出,模型输入、数值输出或机器可读审计,57525,1d7723b4c163c00c8bc0ec6effc4c83a438e5cd6643cc784d84d01fa87c2e56f
outputs/q2/final/freeze/q2_run_metadata.json,Q2 数值结果与接口输出,模型输入、数值输出或机器可读审计,6907,d10839c302f264648904b73d1311bd077d873cbc01aee380b685353e3688cb73
outputs/q2/final/freeze/q2_scene_rankings.csv,Q2 数值结果与接口输出,模型输入、数值输出或机器可读审计,2081,18732ce0c9d3e63f6daf6feefa573bc23dab4aab3e98f46122d238964ef37e20
outputs/q2/final/freeze/q2_scene_scores.csv,Q2 数值结果与接口输出,模型输入、数值输出或机器可读审计,10908,7540c845e487fb676dc50771c16b3d0758e892c037dd2fc8118244580d1dbe97
outputs/q2/final/freeze/q2_scene_weights.csv,Q2 数值结果与接口输出,模型输入、数值输出或机器可读审计,3008,5eb3b6871639f7f4fffca32452b2346ca105cc94a0759214eab4353b8e75307e
outputs/q2/final/freeze/rank_migration_audit.md,Q2 数值结果与接口输出,模型假设、数据口径或稳健性说明,485,1f2277f250f30c7091964852085aef341c88f979dcd19b85eaf66b7abc2f3fc7
outputs/q2/final/freeze/scene_definition_audit.md,Q2 数值结果与接口输出,模型假设、数据口径或稳健性说明,613,a480c08fb4928d87fad83f15eb17a7a719688bacfb18c56edb3381a6ff8c6178
outputs/q2/final/model_spec_provenance_audit.md,Q2 数值结果与接口输出,模型假设、数据口径或稳健性说明,1005,0202cb5252330334b25f83734df47b0148db39b1c5390a8e4047d9c82d0c13ac
outputs/q2/final/pri_audit.md,Q2 数值结果与接口输出,模型假设、数据口径或稳健性说明,564,ef2637268460082a323e759d1b7a446cb17f7de205f88fa35c26e8ec93c73aa8
outputs/q2/final/q1_uncertainty_scale_audit.md,Q2 数值结果与接口输出,模型假设、数据口径或稳健性说明,1483,fbc2c87cb701db9abfec92a6e8b66dab80773fe2fb5dba1fd021e5a98ba4fd40
outputs/q2/final/q2_equal_prior_reference_scores.csv,Q2 数值结果与接口输出,模型输入、数值输出或机器可读审计,10969,0c74410b28963413f63e75142650afc8bcd2e974075512f4d7b1ab4e60e1d5eb
outputs/q2/final/q2_freeze_manifest.csv,Q2 数值结果与接口输出,模型输入、数值输出或机器可读审计,4115,e2d36a500fa0bf43acd21460433d5dbd9be2193022c12571004ec11feada23fc
outputs/q2/final/q2_kimi_analysis.csv,Q2 数值结果与接口输出,模型输入、数值输出或机器可读审计,1715,073fb2f8bf111dede428ba2efbb1b82546ccc664d710a39ae55dc1187eda7d37
outputs/q2/final/q2_linear_vs_ces.csv,Q2 数值结果与接口输出,模型输入、数值输出或机器可读审计,2822,1daf32a10d379c9753bb4f398e12028a5db7a6aa63cca90865831f4a952a7d09
outputs/q2/final/q2_marginal_effects.csv,Q2 数值结果与接口输出,模型输入、数值输出或机器可读审计,9825,32e434d5dcc9541267ae8719851ff33a88d8429252450c0a0bfc0b0cc0dd1e57
outputs/q2/final/q2_missingness_sensitivity.csv,Q2 数值结果与接口输出,模型输入、数值输出或机器可读审计,28017,13494de2b162bb7c318982dad85586f1b6f7f14692336a6c8f6245d353b1658a
outputs/q2/final/q2_model_spec_snapshot.yaml,Q2 数值结果与接口输出,模型输入、数值输出或机器可读审计,4269,203f8f237d5f65f2061bc794545b1d5da28bdd36f11c8a079362a59edb074e6f
outputs/q2/final/q2_parameter_grid.csv,Q2 数值结果与接口输出,模型输入、数值输出或机器可读审计,870331,de81762993c9084c79773cb9c0d44ad9367975b4df754fb98d4419415e8ac438
outputs/q2/final/q2_parameter_robustness.csv,Q2 数值结果与接口输出,模型输入、数值输出或机器可读审计,8159,39ebf920c78a211247ab1f2791c51fdd215fdd2564336500b3b8d8a1c69fa313
outputs/q2/final/q2_pri.csv,Q2 数值结果与接口输出,模型输入、数值输出或机器可读审计,3896,0f7fa9039674988d0ad39d9b5f5fb988ce375ade9a0f1f1d33677bc6ebf3b05e
outputs/q2/final/q2_prior_sensitivity.csv,Q2 数值结果与接口输出,模型输入、数值输出或机器可读审计,7203,1de342269659758fce933a9f2d94cd1fb2aa7597f0c727b4c908339880597502
outputs/q2/final/q2_q1_uncertainty_propagation.csv,Q2 数值结果与接口输出,模型输入、数值输出或机器可读审计,5176,cbc0b66bc15fa8fb6076ca2eba71ab7ad5b5687a4a90bc222bb1aec46f1c2da3
outputs/q2/final/q2_rank_jump_thresholds.csv,Q2 数值结果与接口输出,模型输入、数值输出或机器可读审计,57525,1d7723b4c163c00c8bc0ec6effc4c83a438e5cd6643cc784d84d01fa87c2e56f
outputs/q2/final/q2_rank_migration.csv,Q2 数值结果与接口输出,模型输入、数值输出或机器可读审计,674,e47b267bb6d5548e8095bc8525b853f08907e7143fbe12c09e8579b0d2c15d46
outputs/q2/final/q2_rank_transition_thresholds.csv,Q2 数值结果与接口输出,模型输入、数值输出或机器可读审计,57525,1d7723b4c163c00c8bc0ec6effc4c83a438e5cd6643cc784d84d01fa87c2e56f
outputs/q2/final/q2_run_metadata.json,Q2 数值结果与接口输出,模型输入、数值输出或机器可读审计,6141,a76cd2a276e3aa3d7713c38d200b0e6edad5b045ab0b52e344c6fcd3fcec7852
outputs/q2/final/q2_scene_rankings.csv,Q2 数值结果与接口输出,模型输入、数值输出或机器可读审计,2081,18732ce0c9d3e63f6daf6feefa573bc23dab4aab3e98f46122d238964ef37e20
outputs/q2/final/q2_scene_scores.csv,Q2 数值结果与接口输出,模型输入、数值输出或机器可读审计,10908,7540c845e487fb676dc50771c16b3d0758e892c037dd2fc8118244580d1dbe97
outputs/q2/final/q2_scene_weights.csv,Q2 数值结果与接口输出,模型输入、数值输出或机器可读审计,3008,5eb3b6871639f7f4fffca32452b2346ca105cc94a0759214eab4353b8e75307e
outputs/q2/final/rank_migration_audit.md,Q2 数值结果与接口输出,模型假设、数据口径或稳健性说明,485,1f2277f250f30c7091964852085aef341c88f979dcd19b85eaf66b7abc2f3fc7
outputs/q2/final/scene_definition_audit.md,Q2 数值结果与接口输出,模型假设、数据口径或稳健性说明,613,a480c08fb4928d87fad83f15eb17a7a719688bacfb18c56edb3381a6ff8c6178
q2/data/benchmark_family_mapping.csv,Q2 建模输入,模型输入、数值输出或机器可读审计,6008,7e72e42258253f423ec17b27b236f7bbffef6909cf33fa5dc27e81ed32138189
q2/data/q1_bt_latent_scores.csv,Q2 建模输入,模型输入、数值输出或机器可读审计,1431,c901bc745d6f17557da3a9b0578deb98c8dde5cca8e3a88c35f8592c33bb0cc3
q2/data/q1_capability_scores.csv,Q2 建模输入,模型输入、数值输出或机器可读审计,1315,dfa8e0f746277af461340d61a39446a4f358b10ae5c3e89d0a6f9eebee06e96a
q2/data/q1_capability_scores.xlsx,Q2 建模输入,模型输入、数值输出或机器可读审计,4727,61195088a17c234259ac1e09b7f2ec8780bf970ca72e57100bf1badb859eced5
q2/data/q1_dimension_weights_reference.csv,Q2 建模输入,模型输入、数值输出或机器可读审计,843,bb60462bb0e06be789028f0641b3ffd31813faad325bf6e43976169d0741f2aa
q2/data/q1_evidence_strength.csv,Q2 建模输入,模型输入、数值输出或机器可读审计,7117,3853dd8c81c52f08dfe12ff6e4e987145f8ceffe868f38f2d028bff8342d76d4
q2/data/q1_model_applicability.csv,Q2 建模输入,模型输入、数值输出或机器可读审计,2527,bb62c84f2fc19c754ad385e2107ad2c65d4630e0a94eef66e8d1bdaa84b95c73
q2/data/q1_model_rankings.csv,Q2 建模输入,模型输入、数值输出或机器可读审计,1052,68553ece875de190b42cdef72d26a5a05bf82669c9bf1dfefd7b1e561356b75f
q2/data/q1_uncertainty.csv,Q2 建模输入,模型输入、数值输出或机器可读审计,18063,b170ef36ba28684c022860eb218072781307c2b0752a8bd428f2757509284244
q2/data/q2_generation_qc.json,Q2 建模输入,模型输入、数值输出或机器可读审计,1095,8e5b845cc6c8864fdb730f244e9d5465348098ed3216f813333362595f5e5f9f
q2/data/q2_model_master_table.csv,Q2 建模输入,模型输入、数值输出或机器可读审计,6855,d7fa5bccbc0067fdeec519fdb20c77c782deaeb8a94c625840b44fb9d57bbc8d
q2/data/q2_model_master_table.xlsx,Q2 建模输入,模型输入、数值输出或机器可读审计,7593,0cf5463eeacbf58e57a373a10632ae8016cf541b7aff219220d83769d193d02f
q2/data/source_registry_summary.csv,Q2 建模输入,模型输入、数值输出或机器可读审计,4472,04c93a0295db078ca3d801d3bc0cfb59006dde363609249d46a5dd7b721491cd
q2/model_spec_v1.yaml,Q2 建模程序与规范,Q2 KL-CES 冻结数学模型规范,4269,203f8f237d5f65f2061bc794545b1d5da28bdd36f11c8a079362a59edb074e6f
q2/outputs/q2_to_q3_validation.csv,Q2 数值结果与接口输出,模型输入、数值输出或机器可读审计,1475,c243e207df6aaf58431d03a2971faaf362c2c9744789fb04fbddc6b913e50cee
q2/outputs/scenario_utility.csv,Q2 数值结果与接口输出,模型输入、数值输出或机器可读审计,9426,9b2f3a00324a752592dd7992469a6e3e8e471c3907964c3a04937136cf6bc018
q2/outputs/scenario_utility_bootstrap.csv,Q2 数值结果与接口输出,模型输入、数值输出或机器可读审计,10753697,8a72e211892fb1684ecb9a0da41cac6893f2e8f87dd1881b1f4a70da8251ae61
q2/outputs/scenario_utility_summary.csv,Q2 数值结果与接口输出,模型输入、数值输出或机器可读审计,3764,e08e65b666dc950ac5092e2b9616014957f9c4d6c8a1b0a2ac1a3846cad53f5d
q3/FINAL_INPUT_AUDIT.md,Q3 建模说明与审计,模型假设、数据口径或稳健性说明,3162,fc9d12566b804f7b1a642d14e0fcf3a828482bae2979332a9f52f113d80399d7
q3/Q3_FINAL_AUDIT.md,Q3 建模说明与审计,模型假设、数据口径或稳健性说明,1843,aecc250b40a338296c97bfeca4cf7e56ffd3c37d20693d1d4b88ad7f80692fe1
q3/Q3_STAGE_REPORT.md,Q3 建模说明与审计,模型假设、数据口径或稳健性说明,2163,bf5f8621ab6e22f82ce80b6e5364333c63b47ada8d58294e6528d13ef5dc1e82
q3/README.md,Q3 建模说明与审计,模型假设、数据口径或稳健性说明,1850,06ee88642b2190721ad709642e300e3e8a7933aaa08cc4ce8a4131ded497e3e7
q3/WORKLOAD_BASELINE_JUSTIFICATION.md,Q3 建模说明与审计,模型假设、数据口径或稳健性说明,3722,ae212caea21209811b6fa0ad651a4651d34ef0922867d9c4af28d88f3ffa35e9
q3/data/data_dictionary.md,Q3 建模输入与冻结数据,模型假设、数据口径或稳健性说明,2317,24415eedee781c26cc9283183f438b625d1941515c431bc406b5700da2593c38
q3/data/fable_fallback_audit.csv,Q3 建模输入与冻结数据,模型输入、数值输出或机器可读审计,1622,cfba8f3203ef1eb22632c647aec71e48f381471df4694bc79961b927253df2be
q3/data/model_pricing.csv,Q3 建模输入与冻结数据,模型输入、数值输出或机器可读审计,7160,26b2533f7953bb1197e90cf06107f3e1abf99c09fdb4c4d1288c95a4612e1fe6
q3/data/pricing_audit.csv,Q3 建模输入与冻结数据,模型输入、数值输出或机器可读审计,8231,733f87261c5da2ca3b2cfd4d56f0dc5dec368f08f2b39b996fa5e4f9b4820a27
q3/data/pricing_human_check.csv,Q3 建模输入与冻结数据,模型输入、数值输出或机器可读审计,3474,f9041ea906d88d22d3774c1400da9a747aa1c17c696089055f95093040c38c64
q3/data/q2_interface_provenance.json,Q3 建模输入与冻结数据,模型输入、数值输出或机器可读审计,2455,452364c74f568a8dd47ec2d6fd6e785e1b2e5875b408849b5a9102de0c56bf9a
q3/data/q2_to_q3_interface.md,Q3 建模输入与冻结数据,模型假设、数据口径或稳健性说明,5065,a86c57c77222632d6fed8362b725aea8d69b5852fa63c800eac5c087736056a5
q3/data/q2_to_q3_validation.csv,Q3 建模输入与冻结数据,模型输入、数值输出或机器可读审计,1456,714c493d930dcf6d7c75d7f9b928a70ed40fd71077a1e48f402ae41d5ea8ef42
q3/data/scenario_utility.csv,Q3 建模输入与冻结数据,模型输入、数值输出或机器可读审计,9395,82bc63f0d1983775bf9a512ad8e50d011c0d556cbdd56329ed8f74267de84ca1
q3/data/scenario_utility_bootstrap.csv,Q3 建模输入与冻结数据,模型输入、数值输出或机器可读审计,10693696,1eea0558c3df5e46c9b3135a7810f4ef6dbb2258f96e4bef4ae4e84e8c64b323
q3/data/scenario_utility_bootstrap_template.csv,Q3 建模输入与冻结数据,模型输入、数值输出或机器可读审计,98,14bb975d98bac8be99bb6ead0527408e21e5921c553c7afcf223910f10f7fb23
q3/data/scenario_utility_summary.csv,Q3 建模输入与冻结数据,模型输入、数值输出或机器可读审计,3733,5ff7d3311920b8f752729b5e26c1ccb315bf5c795a7c7fb39e9c132b808ba110
q3/data/scenario_utility_template.csv,Q3 建模输入与冻结数据,模型输入、数值输出或机器可读审计,1432,3f50686b3ba084492881af021c05231022cdb4ca16fe87bc77f60b606c6c1ef9
q3/data/workload_config.csv,Q3 建模输入与冻结数据,模型输入、数值输出或机器可读审计,4634,4ff34bac62395918763ffe5c7511415eb0ab1216b7c8e2be0afdcc3cb7ff9e95
q3/frozen/v1.0/Q3_FREEZE_README.md,Q3 建模输入与冻结数据,模型假设、数据口径或稳健性说明,1197,483675a5def608f6aa277d63221fb7bc4bc98d405c0a89f94d84c1bf38c1d309
q3/frozen/v1.0/budget_switch_points_final.csv,Q3 建模输入与冻结数据,模型输入、数值输出或机器可读审计,1391,1ec91f988f5d6488ae35ce9c3242b88437fd455181766e33c7a49e6deb8cbb1e
q3/frozen/v1.0/cost_performance_fit_final.csv,Q3 建模输入与冻结数据,模型输入、数值输出或机器可读审计,4235,369f96d4902cfdd20b572889411b482a1359b86919307de0ff3ddac9a34db8c1
q3/frozen/v1.0/icer_results_final.csv,Q3 建模输入与冻结数据,模型输入、数值输出或机器可读审计,1122,6542f0407c1c546581ceec4fd80d6ae2924e538dbf563b1ebd409854fbeac46f
q3/frozen/v1.0/model_pricing.csv,Q3 建模输入与冻结数据,模型输入、数值输出或机器可读审计,7160,26b2533f7953bb1197e90cf06107f3e1abf99c09fdb4c4d1288c95a4612e1fe6
q3/frozen/v1.0/pareto_probability_final.csv,Q3 建模输入与冻结数据,模型输入、数值输出或机器可读审计,923,70a76b23a2e1f86499d5db7728cfd2f76d66e66c7c93b895781da1117c9b4ba6
q3/frozen/v1.0/pareto_results_final.csv,Q3 建模输入与冻结数据,模型输入、数值输出或机器可读审计,2669,cfceda1a29582daf4d3b761f94c68726513254157e936c2a2260b0b97040eab8
q3/frozen/v1.0/pricing_audit.csv,Q3 建模输入与冻结数据,模型输入、数值输出或机器可读审计,8231,733f87261c5da2ca3b2cfd4d56f0dc5dec368f08f2b39b996fa5e4f9b4820a27
q3/frozen/v1.0/pricing_human_check.csv,Q3 建模输入与冻结数据,模型输入、数值输出或机器可读审计,3474,f9041ea906d88d22d3774c1400da9a747aa1c17c696089055f95093040c38c64
q3/frozen/v1.0/q2_interface_provenance.json,Q3 建模输入与冻结数据,模型输入、数值输出或机器可读审计,2455,452364c74f568a8dd47ec2d6fd6e785e1b2e5875b408849b5a9102de0c56bf9a
q3/frozen/v1.0/q3_freeze_manifest.csv,Q3 建模输入与冻结数据,模型输入、数值输出或机器可读审计,2558,06caba06f0ce0d71b71a3285d08eae6686763a79bc4faa92eecf3f3326d4abd5
q3/frozen/v1.0/q3_model_analysis_cohort.csv,Q3 建模输入与冻结数据,模型输入、数值输出或机器可读审计,1504,f459dbefe78f10accd7dfd8c9d3e702809f7d63b13760dfef80039b508eaf820
q3/frozen/v1.0/scenario_costs_final.csv,Q3 建模输入与冻结数据,模型输入、数值输出或机器可读审计,5657,361841e1dc94f56c3e522e665e9c3b0ce96fff54178c5021165cdb61ebfd67a6
q3/frozen/v1.0/scenario_utility.csv,Q3 建模输入与冻结数据,模型输入、数值输出或机器可读审计,9395,82bc63f0d1983775bf9a512ad8e50d011c0d556cbdd56329ed8f74267de84ca1
q3/frozen/v1.0/scenario_utility_bootstrap.csv,Q3 建模输入与冻结数据,模型输入、数值输出或机器可读审计,10693696,1eea0558c3df5e46c9b3135a7810f4ef6dbb2258f96e4bef4ae4e84e8c64b323
q3/frozen/v1.0/sensitivity_summary_final.csv,Q3 建模输入与冻结数据,模型输入、数值输出或机器可读审计,1740,04c32ddce19055b4642d4be7baa06f7cc75018d2add968921022ba43f74ec66b
q3/frozen/v1.0/workload_config.csv,Q3 建模输入与冻结数据,模型输入、数值输出或机器可读审计,4634,4ff34bac62395918763ffe5c7511415eb0ab1216b7c8e2be0afdcc3cb7ff9e95
q3/outputs/diagnostics/pareto_interpretation_audit.md,Q3 数值结果与模型诊断,模型假设、数据口径或稳健性说明,2459,e06948a487eea2472dc55492ff2418cb6be157767da59fca80d958b2922683b4
q3/outputs/diagnostics/q3_data_validation_report.csv,Q3 数值结果与模型诊断,模型输入、数值输出或机器可读审计,716,75713c8f0db407aeb20435f68debfa3baee33ef8f102e323c0bd2eb0220230e2
q3/outputs/diagnostics/q3_freeze_manifest_audit.md,Q3 数值结果与模型诊断,模型假设、数据口径或稳健性说明,312,e95199dd669b0d1b865c6a123e99a67197c76d3e8f2d636bcfc69b6cf80c6260
q3/outputs/diagnostics/q3_reproducibility_audit.md,Q3 数值结果与模型诊断,模型假设、数据口径或稳健性说明,863,5bbf00fac27e6464002eed5aa7fb59a7758952253d3e376a2dc2e47da9df4b51
q3/outputs/diagnostics/q3_run_status.json,Q3 数值结果与模型诊断,模型输入、数值输出或机器可读审计,1129,1fb89125e86f8946b0fecf57d06b3124363579106a13675f55946e167cc3e403
q3/outputs/tables/budget_switch_points.csv,Q3 数值结果与模型诊断,模型输入、数值输出或机器可读审计,2119,690322a5596c6a4d66b9041f215ed8dda4e327d8abe776c6f6fd057b84182cf9
q3/outputs/tables/budget_switch_points_final.csv,Q3 数值结果与模型诊断,模型输入、数值输出或机器可读审计,1391,1ec91f988f5d6488ae35ce9c3242b88437fd455181766e33c7a49e6deb8cbb1e
q3/outputs/tables/cost_performance_fit.csv,Q3 数值结果与模型诊断,模型输入、数值输出或机器可读审计,2831,2dcf3c7cbf95b208e0d62243af416167e7fb55c8384e710fafc146267f3ce52e
q3/outputs/tables/cost_performance_fit_final.csv,Q3 数值结果与模型诊断,模型输入、数值输出或机器可读审计,4235,369f96d4902cfdd20b572889411b482a1359b86919307de0ff3ddac9a34db8c1
q3/outputs/tables/icer_results.csv,Q3 数值结果与模型诊断,模型输入、数值输出或机器可读审计,942,29cb3435f31091334db9a3db3e4d823f8f3cf0bd3ce61c18bb260aadf0a3510d
q3/outputs/tables/icer_results_final.csv,Q3 数值结果与模型诊断,模型输入、数值输出或机器可读审计,1122,6542f0407c1c546581ceec4fd80d6ae2924e538dbf563b1ebd409854fbeac46f
q3/outputs/tables/pareto_probability_final.csv,Q3 数值结果与模型诊断,模型输入、数值输出或机器可读审计,923,70a76b23a2e1f86499d5db7728cfd2f76d66e66c7c93b895781da1117c9b4ba6
q3/outputs/tables/pareto_results.csv,Q3 数值结果与模型诊断,模型输入、数值输出或机器可读审计,5170,f4746fdb612e1b6006b90aefc8a4b44f19ae851ca5f73915b37c7e637deb3a5e
q3/outputs/tables/pareto_results_final.csv,Q3 数值结果与模型诊断,模型输入、数值输出或机器可读审计,2669,cfceda1a29582daf4d3b761f94c68726513254157e936c2a2260b0b97040eab8
q3/outputs/tables/q3_budget_selection.csv,Q3 数值结果与模型诊断,模型输入、数值输出或机器可读审计,2119,690322a5596c6a4d66b9041f215ed8dda4e327d8abe776c6f6fd057b84182cf9
q3/outputs/tables/q3_cost_performance_fit.csv,Q3 数值结果与模型诊断,模型输入、数值输出或机器可读审计,2831,2dcf3c7cbf95b208e0d62243af416167e7fb55c8384e710fafc146267f3ce52e
q3/outputs/tables/q3_cost_utility.csv,Q3 数值结果与模型诊断,模型输入、数值输出或机器可读审计,4323,a4559b74791190fcf1ae639219045b76fa3d1b4782bf02be0f30094daa325122
q3/outputs/tables/q3_cost_utility_full_cohort.csv,Q3 数值结果与模型诊断,模型输入、数值输出或机器可读审计,4323,a4559b74791190fcf1ae639219045b76fa3d1b4782bf02be0f30094daa325122
q3/outputs/tables/q3_incremental_cost_effectiveness.csv,Q3 数值结果与模型诊断,模型输入、数值输出或机器可读审计,942,29cb3435f31091334db9a3db3e4d823f8f3cf0bd3ce61c18bb260aadf0a3510d
q3/outputs/tables/q3_model_analysis_cohort.csv,Q3 数值结果与模型诊断,模型输入、数值输出或机器可读审计,1504,f459dbefe78f10accd7dfd8c9d3e702809f7d63b13760dfef80039b508eaf820
q3/outputs/tables/q3_pareto_frontier.csv,Q3 数值结果与模型诊断,模型输入、数值输出或机器可读审计,5170,f4746fdb612e1b6006b90aefc8a4b44f19ae851ca5f73915b37c7e637deb3a5e
q3/outputs/tables/q3_pareto_probability.csv,Q3 数值结果与模型诊断,模型输入、数值输出或机器可读审计,776,a60f5cc50f197fd18add6e7dfe6f2a06fbf131f6d0439cecee82150e25d72f60
q3/outputs/tables/q3_sensitivity_analysis.csv,Q3 数值结果与模型诊断,模型输入、数值输出或机器可读审计,41305,d87d0ab0cbd55e4abcbf1d53491587e818bd8259d0a4ce3621947675b05386d2
q3/outputs/tables/scenario_costs.csv,Q3 数值结果与模型诊断,模型输入、数值输出或机器可读审计,5808,7ae26c3377d22bd55083e449b7c865d5886d3f364681677b9730368328d20a7c
q3/outputs/tables/scenario_costs_final.csv,Q3 数值结果与模型诊断,模型输入、数值输出或机器可读审计,5657,361841e1dc94f56c3e522e665e9c3b0ce96fff54178c5021165cdb61ebfd67a6
q3/outputs/tables/sensitivity_summary_final.csv,Q3 数值结果与模型诊断,模型输入、数值输出或机器可读审计,1740,04c32ddce19055b4642d4be7baa06f7cc75018d2add968921022ba43f74ec66b
q3/src/__init__.py,Q3 建模程序,数学建模或模型校验源程序,43,42c19cc7943bcee14b91c36f851d72f696d7abe91de13b641f073d9edcdbcdb0
q3/src/budget_selection.py,Q3 建模程序,预算约束最优可行模型,2782,7c82bf2ffe3d1386745d54fad00023f50eed83c1c3cc1945e1552c0ce6860d36
q3/src/cohort.py,Q3 建模程序,数学建模或模型校验源程序,4804,ced7ec2b0ec3582a6c2f7ab0ef7d446b103e1a0b852fc8d8bd7b7b8fa7fbe8dd
q3/src/cost_model.py,Q3 建模程序,标准工作负载成本计算,3384,d9385455468a2401405dc4f065c339b23b250d9454214435facea1262259c20e
q3/src/cost_performance_fit.py,Q3 建模程序,数学建模或模型校验源程序,4982,c990925287d55e439cf1bbd96d040e8c0a0ef2c090a9cc03cdb81af46936a072
q3/src/incremental_cost.py,Q3 建模程序,数学建模或模型校验源程序,1459,458519468c7e83c310b5274058ad904078d008fee2fd31a796d21de5522535f7
q3/src/pareto_analysis.py,Q3 建模程序,效用-成本 Pareto 前沿,2955,c7e058c2d12c57c9ec934d5d80def5b5d39a219c759d67ecf8ad92cfb22ff589
q3/src/sensitivity_analysis.py,Q3 建模程序,Q3 参数敏感性分析,4711,ca1693d7ac018596c9739f6ed2b3ed6779daebd0b4d232bfc811a8c2523ee27a
q3/src/validate_q3_data.py,Q3 建模程序,数学建模或模型校验源程序,7057,6635fec3d482e131e7e483ad50eddcc259dbee191c88739b330c8b4403c4494f
requirements.txt,复现环境,建模支撑材料,106,f7e6546d1ef6b18736ac1498be03c9591632f586f824b4a4cf8bb177cb4e2d17
src/q1/__init__.py,Q1 建模程序,数学建模或模型校验源程序,39,287b5810d1dc39ef2f5e77998ddfc2fad18f779c4239639c48a99ffc33123590
src/q1/bt_model.py,Q1 建模程序,正则化 Bradley-Terry 潜在能力估计,4226,74dcbd877e6d628167fe376bd613253b057634afd03a72f1b4193622ec25a6c5
src/q1/config.py,Q1 建模程序,数学建模或模型校验源程序,1129,c79f44c149cad0c273d172fc9ae477dc06d72a608634dfdc6160cad51e8f503a
src/q1/correlations.py,Q1 建模程序,缺失感知 Spearman 与 Family 结构,3513,41047e5f568e66938b29ec9ca3e899357baef843d48e5ce4939746f017c2466c
src/q1/dimension_weights.py,Q1 建模程序,信息量、非冗余度和稳定性客观赋权,3562,decca5a849e62975d075fb40d427980c6536b84e012384cda621bc877ba23ea6
src/q1/load_data.py,Q1 建模程序,数学建模或模型校验源程序,3775,878048e35a49770bcc98234f1f870bff21b9d62fa2a7ff237c4015692c6a8863
src/q1/overall_score.py,Q1 建模程序,数学建模或模型校验源程序,2318,0ec0fea490ec20736c80447ce3ddd1fab3be55f26dc6102b77468e066f7fbf3a
src/q1/pairwise.py,Q1 建模程序,数学建模或模型校验源程序,4903,3e1d27324a59bd0fcd67c8224024f3af4a9fc24a408570691e612bc4b5185da5
src/q1/run_q1_v12_modeling_core.py,Q1 建模程序,数学建模或模型校验源程序,23754,909d5c9ae2ced1c57ee1805b71ccc59719f13b72d3e5c7127ea6d4ca41c8b921
src/q1/validate_freeze.py,Q1 建模程序,数学建模或模型校验源程序,3801,fdd04bf26d65a8fbeb8a597b935fdb6fd56e2660b7378a47fa841148a087eda8
src/q2/__init__.py,Q2 建模程序与规范,数学建模或模型校验源程序,446,17c3c670e946e047f07f608e7163c1902c7b1f6b73e1b59e720b9932e2114b96
src/q2/ces.py,Q2 建模程序与规范,CES 场景效用函数,1676,9b43597e3d75f8f75e2a6c45ec628b3b41381d75247bf1be1cddbce52b49d2ce
src/q2/config.py,Q2 建模程序与规范,数学建模或模型校验源程序,2787,7b00e49f7e83798c73b9d4db9e754dbbf551992bf03184bbae87b2705f10a52d
src/q2/data_adapter.py,Q2 建模程序与规范,数学建模或模型校验源程序,6248,fdcfb4a5d8c3c868f55d553652fd81708c1c2e1435f4d6baa0dcef8f1d483142
src/q2/imbalance_penalty.py,Q2 建模程序与规范,数学建模或模型校验源程序,760,8d23e0509cb2b986f53b095f2972c269c39b9240d0aff7d939f23e66ea3ba29a
src/q2/kl_weights.py,Q2 建模程序与规范,KL 最小信息投影场景权重,3229,6e40ccadad0543dcb3a02bdd26d28c523fbad47c273f22741eba85f9ebe4a427
src/q2/linear_baseline.py,Q2 建模程序与规范,数学建模或模型校验源程序,700,0b274f643a3bc113d6e9a7a3401357eac1d1e898194c8aa5d3e3c9d3891b1bc7
src/q2/marginal_analysis.py,Q2 建模程序与规范,数学建模或模型校验源程序,2576,60d7bb592ad200fcb2b5198fa26f8308f3a88eee35ec4720ffd9d2057452dfd8
src/q2/missing_policy.py,Q2 建模程序与规范,数学建模或模型校验源程序,5026,c9a3f89c542ca1f01494d139caddfe176c6ecf332356d91fc43e03a949a30e70
src/q2/normalize.py,Q2 建模程序与规范,数学建模或模型校验源程序,1539,3a7471e8d54e8a3d319c24013371afbd8a19992b0e9930bf62cc2b6adfd12741
src/q2/pairwise_analysis.py,Q2 建模程序与规范,数学建模或模型校验源程序,5748,4b4980759e7690418f0eee6cc4cfdf9a7c38674333ba34fadf73c03c474addba
src/q2/pipeline.py,Q2 建模程序与规范,数学建模或模型校验源程序,8029,c8afe207f85a9318aac2af5170698e23794dfe282b4d1d445c75ac0ca9c52cd9
src/q2/rank_migration.py,Q2 建模程序与规范,数学建模或模型校验源程序,2811,20703426315f28c32729d482be11e3228116faf597474bdf5782b82a77b25c3e
src/q2/scene_constraints.py,Q2 建模程序与规范,数学建模或模型校验源程序,5351,0d04a0b4749c0f36e2833b543519dd3d3368e38902c52e86bbf53cb932e38571
src/q2/sensitivity.py,Q2 建模程序与规范,数学建模或模型校验源程序,6429,3ca11e43583215dcee8a425dd4129e0e6ef8698fc1c605d09b5ec5e425a5f133
