scenario,from_model,to_model,delta_cost,delta_utility,icer
Coding,deepseek_v4_flash_max,deepseek_v4_pro_max,0.02112,0.14548525506705257,0.1451693506002792
Coding,deepseek_v4_pro_max,kimi_k3_max,0.07515,0.020239375095719603,3.7130593036883517
General,deepseek_v4_flash_max,deepseek_v4_pro_max,0.004399999999999999,0.007410388032979887,0.5937610797731274
General,deepseek_v4_pro_max,qwen3_8_max,0.0023025000000000007,0.18409363582059168,0.01250722215212209
General,qwen3_8_max,gemini_3_1_pro_high,0.0070975,0.02777898675652546,0.25549887986223085
General,gemini_3_1_pro_high,kimi_k3_max,0.004772499999999999,0.0025482628791066997,1.872844453815931
General,kimi_k3_max,gpt_5_6_sol_max,0.0192275,0.0634384695602297,0.3030889637358771
Research,deepseek_v4_flash_max,deepseek_v4_pro_max,0.024640000000000002,0.05050434988462149,0.48787876799306845
Research,deepseek_v4_pro_max,kimi_k3_max,0.06986999999999999,0.023498948379624518,2.973324545049978
